Name,Location,Phone,Website,Notes
"Katesville Pallet Mill, Inc.","Louisburg, NC 27549 (Franklinton area)","(919) 496-3162","N/A","Local pallet manufacturer. High likelihood of having or sourcing used Gaylord boxes/bins."
"PalletOne Inc.","1010 26th Street, Butner, NC 27509","919-575-6491","https://www.palletone.com/butner-nc/","Large pallet recycler and manufacturer (~25 miles away). Deals in recycled pallets and likely bulk bins."
"Repackify (Marketplace)","Smithfield, Fuquay Varina, Cary, NC","(888) 413-7506","https://www.repackify.com/buy-gaylord-boxes/north-carolina","Online marketplace with verified listings in Smithfield (~40 miles), Fuquay Varina, and Cary."
"Southern Container Corporation","6003 Ward Blvd, Wilson, NC 27894","(252) 237-0539","https://socontainers.com/","Specializes in agricultural and bulk packaging solutions. Strong candidate for Gaylord boxes."
"Louisburg Recycling","790 NC-561, Louisburg, NC 27549","919-340-0565","http://louisburgrecycling.com/","Primary focus is scrap metal, but they handle industrial waste/dumpsters and may have leads."
"Carolina Packaging & Supply, Inc.","3215 Wellington Ct., #108, Raleigh, NC 27615","919.876.1616","N/A","General packaging supply company in North Raleigh."
"Sonoco Recycling","Raleigh, NC","N/A","https://www.sonoco.com/na/products/services/recycling","Major recycler handling Old Corrugated Containers (OCC). Contact for bulk purchasing inquiries."
"Stephen Gould","One Copley Parkway, Suite 106, Morrisville NC 27560","+1 919 547 3700","https://www.stephengould.com/morrisville-nc/","Packaging design and supply. Located in Morrisville."
